{"exact": 39.509812178893284, "f1": 44.03908696108542, "total": 11873, "HasAns_exact": 76.51821862348179, "HasAns_f1": 85.58975699881363, "HasAns_total": 5928, "NoAns_exact": 2.607232968881413, "NoAns_f1": 2.607232968881413, "NoAns_total": 5945}