{"exact": 43.10620736123979, "f1": 48.04515256498097, "total": 11873, "HasAns_exact": 68.99460188933872, "HasAns_f1": 78.88665593859957, "HasAns_total": 5928, "NoAns_exact": 17.29184188393608, "NoAns_f1": 17.29184188393608, "NoAns_total": 5945}