{"exact": 39.31609534237345, "f1": 43.881555900934025, "total": 11873, "HasAns_exact": 75.92780026990553, "HasAns_f1": 85.07181396960014, "HasAns_total": 5928, "NoAns_exact": 2.8090832632464258, "NoAns_f1": 2.8090832632464258, "NoAns_total": 5945}