{"exact": 65.65316263791796, "f1": 70.06451951156464, "total": 11873, "HasAns_exact": 70.91767881241566, "HasAns_f1": 79.75304321201183, "HasAns_total": 5928, "NoAns_exact": 60.403700588730025, "NoAns_f1": 60.403700588730025, "NoAns_total": 5945}