{"exact": 45.06864313989725, "f1": 49.47312024757298, "total": 11873, "HasAns_exact": 70.91767881241566, "HasAns_f1": 79.73926395064677, "HasAns_total": 5928, "NoAns_exact": 19.293523969722457, "NoAns_f1": 19.293523969722457, "NoAns_total": 5945}