{"exact": 39.442432409668996, "f1": 43.96977977652528, "total": 11873, "HasAns_exact": 76.51821862348179, "HasAns_f1": 85.58589664080378, "HasAns_total": 5928, "NoAns_exact": 2.4726661059714043, "NoAns_f1": 2.4726661059714043, "NoAns_total": 5945}